vizType,min,max,Error
Bar,0.2009712,1.823386,0
Pie,2.064159,3.302328,2
Stacked Bar,2.139345,3.531612,5
